ID,NAME,CONTACT,EMAIL,GENDER,ADDRESS,password
C001,Narayan,9877765432,Narayan@gmail.com,M,Chennai,bfce8aedf409b84c6dbb957627337012
C002,Roshini,9876454532,Roshini@gmail.com,F,Erode,3365a00541b7c65a0c392572e2e0388a
C003,Rahul,9875143632,Rahul@gmail.com,M,Dharmapuri,0bbd95d0d082f49e4a24a9f473974cd1
C004,Saheli,9873832732,Saheli@gmail.com,F,Mumbai,0411664826a9fbefd153989c646cd4b8
C005,Debarshi,9872521832,Debarshi@gmail.com,F,Bangalore,b756bee4691d2d86e76ac9f8eeb22592
C006,Yousuf,9871210932,Yousuf@gmail.com,M,Palaghat,0733354b0e1218855480c49696f4e5d2
C007,Priyanka,9869900032,Priyanka@gmail.com,F,Tiruppur,b8e412c3eb75b62ef0c4dc3c050b059a
C008,Raghu,9868589132,Raghu@gmail.com,M,Bangalore,fbffd928e924347fa7144201daaebbee
C009,Trisha,9867278232,Trisha@gmail.com,F,Washim,a1e69ad46cc9069421ffb07e91aa97b8
C010,Tony,9865967332,Tony@gmail.com,M,South goa,eee7ac208064d408e84ab5e26d24b278
C011,Bhagyalakshmi,9864656432,Bhagyalakshmi@gmail.com,F,Madurai,05a22986d9b5269056bfa2d3a2188059
C012,Mythila,9863345532,Mythila@gmail.com,F,Cochin,f546141c228a28071a2391c1469dc7e9
C013,Tenali,9862034632,Tenali@gmail.com,M,Ernakulam,2dc84e48c240555b5128e7fb78cb019d
C014,Narendar,9860723732,Narendar@gmail.com,M,Chennai,b6e6933957a8778db721c6ace5835de9
C015,Reema,9859412832,Reema@gmail.com,F,Erode,377919e371c3a9b55499559612ea6883